Code,상장된 시장,한글명
A000250,KOSDAQ,삼천당제약
A000440,KOSDAQ,중앙에너비스
A001000,KOSDAQ,신라섬유
A001540,KOSDAQ,안국약품
A001810,KOSDAQ,무림SP
A001840,KOSDAQ,이화공영
A002230,KOSDAQ,피에스텍
A002290,KOSDAQ,삼일기업공사
A002680,KOSDAQ,한탑
A002800,KOSDAQ,신신제약
A003100,KOSDAQ,선광
A003310,KOSDAQ,대주산업
A003380,KOSDAQ,하림지주
A003670,KOSDAQ,포스코켐텍
A003800,KOSDAQ,에이스침대
A004590,KOSDAQ,한국가구
A004650,KOSDAQ,창해에탄올
A004780,KOSDAQ,대륙제관
A005160,KOSDAQ,동국산업
A005290,KOSDAQ,동진쎄미켐
A005670,KOSDAQ,푸드웰
A005710,KOSDAQ,대원산업
A005860,KOSDAQ,한일사료
A005990,KOSDAQ,매일홀딩스
A006050,KOSDAQ,국영지앤엠
A006140,KOSDAQ,피제이전자
A006580,KOSDAQ,대양제지
A006620,KOSDAQ,동구바이오제약
A006730,KOSDAQ,서부T&D
A006910,KOSDAQ,보성파워텍
A006920,KOSDAQ,모헨즈
A007330,KOSDAQ,푸른저축은행
A007370,KOSDAQ,진양제약
A007390,KOSDAQ,네이처셀
A007530,KOSDAQ,영신금속
A007680,KOSDAQ,대원
A007720,KOSDAQ,대명코퍼레이션
A007770,KOSDAQ,한일화학
A007820,KOSDAQ,에스엠코어
A008290,KOSDAQ,원풍물산
A008370,KOSDAQ,원풍
A008470,KOSDAQ,부스타
A008800,KOSDAQ,행남사
A008830,KOSDAQ,대동기어
A009300,KOSDAQ,삼아제약
A009520,KOSDAQ,포스코엠텍
A009620,KOSDAQ,삼보산업
A009730,KOSDAQ,코센
A009780,KOSDAQ,엠에스씨
A010170,KOSDAQ,대한광통신
A010240,KOSDAQ,흥국
A010280,KOSDAQ,쌍용정보통신
A010470,KOSDAQ,오리콤
A011040,KOSDAQ,경동제약
A011080,KOSDAQ,형지I&C
A011320,KOSDAQ,유니크
A011370,KOSDAQ,서한
A011560,KOSDAQ,세보엠이씨
A012340,KOSDAQ,뉴인텍
A012620,KOSDAQ,원일특강
A012700,KOSDAQ,리드코프
A012790,KOSDAQ,신일제약
A012860,KOSDAQ,서연전자
A013030,KOSDAQ,하이록코리아
A013120,KOSDAQ,동원개발
A013310,KOSDAQ,아진산업
A013720,KOSDAQ,청보산업
A013810,KOSDAQ,스페코
A013990,KOSDAQ,아가방컴퍼니
A014100,KOSDAQ,보령메디앙스
A014190,KOSDAQ,원익큐브
A014200,KOSDAQ,광림
A014470,KOSDAQ,부방
A014570,KOSDAQ,고려제약
A014620,KOSDAQ,성광벤드
A014940,KOSDAQ,오리엔탈정공
A014970,KOSDAQ,삼륭물산
A015710,KOSDAQ,코콤
A015750,KOSDAQ,성우하이텍
A016100,KOSDAQ,리더스코스메틱
A016250,KOSDAQ,이테크건설
A016600,KOSDAQ,큐캐피탈
A016670,KOSDAQ,포비스티앤씨
A016790,KOSDAQ,현대사료
A016920,KOSDAQ,카스
A017000,KOSDAQ,신원종합개발
A017250,KOSDAQ,인터엠
A017480,KOSDAQ,삼현철강
A017510,KOSDAQ,세명전기
A017650,KOSDAQ,대림제지
A017680,KOSDAQ,데코앤이
A017890,KOSDAQ,한국알콜
A018000,KOSDAQ,유니슨
A018120,KOSDAQ,진로발효
A018290,KOSDAQ,지엠피
A018310,KOSDAQ,삼목에스폼
A018620,KOSDAQ,우진비앤지
A018680,KOSDAQ,서울제약
A018700,KOSDAQ,바른손
A019010,KOSDAQ,그랜드백화점
A019210,KOSDAQ,와이지-원
A019540,KOSDAQ,일지테크
A019550,KOSDAQ,SBI인베스트먼트
A019570,KOSDAQ,제미니투자
A019590,KOSDAQ,엠벤처투자
A019660,KOSDAQ,글로본
A019770,KOSDAQ,서연탑메탈
A019990,KOSDAQ,에너토크
A020180,KOSDAQ,대신정보통신
A020400,KOSDAQ,대동금속
A020710,KOSDAQ,시공테크
A021040,KOSDAQ,대호피앤씨
A021080,KOSDAQ,에이티넘인베스트
A021320,KOSDAQ,KCC건설
A021650,KOSDAQ,한국큐빅
A021880,KOSDAQ,메이슨캐피탈
A022100,KOSDAQ,포스코 ICT
A022220,KOSDAQ,정산애강
A023160,KOSDAQ,태광
A023410,KOSDAQ,유진기업
A023440,KOSDAQ,제일제강
A023460,KOSDAQ,CNH
A023600,KOSDAQ,삼보판지
A023760,KOSDAQ,한국캐피탈
A023770,KOSDAQ,플레이위드
A023790,KOSDAQ,동일철강
A023890,KOSDAQ,아트라스BX
A023900,KOSDAQ,풍국주정
A023910,KOSDAQ,대한약품
A024060,KOSDAQ,흥구석유
A024120,KOSDAQ,KB오토시스
A024740,KOSDAQ,한일단조
A024800,KOSDAQ,유성티엔에스
A024810,KOSDAQ,이화전기
A024830,KOSDAQ,세원물산
A024840,KOSDAQ,갑을메탈
A024850,KOSDAQ,피에스엠씨
A024880,KOSDAQ,케이피에프
A024910,KOSDAQ,경창산업
A024940,KOSDAQ,PN풍년
A024950,KOSDAQ,삼천리자전거
A025320,KOSDAQ,시노펙스
A025440,KOSDAQ,대성엘텍
A025550,KOSDAQ,한국선재
A025770,KOSDAQ,한국정보통신
A025870,KOSDAQ,신라에스지
A025880,KOSDAQ,케이씨피드
A025900,KOSDAQ,동화기업
A025950,KOSDAQ,동신건설
A025980,KOSDAQ,아난티
A026040,KOSDAQ,제이에스티나
A026150,KOSDAQ,특수건설
A026180,KOSDAQ,현대정보기술
A026910,KOSDAQ,광진실업
A027040,KOSDAQ,서울전자통신
A027050,KOSDAQ,코리아나
A027360,KOSDAQ,아주IB투자
A027580,KOSDAQ,상보
A027710,KOSDAQ,팜스토리
A027830,KOSDAQ,대성창투
A028040,KOSDAQ,미래SCI
A028080,KOSDAQ,휴맥스홀딩스
A028150,KOSDAQ,GS홈쇼핑
A028300,KOSDAQ,에이치엘비
A029480,KOSDAQ,바른테크놀로지
A029960,KOSDAQ,코엔텍
A030190,KOSDAQ,NICE평가정보
A030270,KOSDAQ,에스마크
A030350,KOSDAQ,드래곤플라이
A030520,KOSDAQ,한글과컴퓨터
A030530,KOSDAQ,원익홀딩스
A030960,KOSDAQ,양지사
A031310,KOSDAQ,아이즈비전
A031330,KOSDAQ,에스에이엠티
A031390,KOSDAQ,녹십자셀
A031510,KOSDAQ,오스템
A031860,KOSDAQ,엔에스엔
A031980,KOSDAQ,피에스케이
A032080,KOSDAQ,아즈텍WB
A032190,KOSDAQ,다우데이타
A032280,KOSDAQ,삼일
A032500,KOSDAQ,케이엠더블유
A032540,KOSDAQ,TJ미디어
A032580,KOSDAQ,피델릭스
A032620,KOSDAQ,유비케어
A032680,KOSDAQ,소프트센
A032750,KOSDAQ,삼진
A032790,KOSDAQ,엠젠플러스
A032800,KOSDAQ,판타지오
A032820,KOSDAQ,우리기술
A032850,KOSDAQ,비트컴퓨터
A032860,KOSDAQ,GMR 머티리얼즈
A032940,KOSDAQ,원익
A032960,KOSDAQ,동일기연
A032980,KOSDAQ,바이온
A033050,KOSDAQ,제이엠아이
A033100,KOSDAQ,제룡전기
A033110,KOSDAQ,이디
A033130,KOSDAQ,디지틀조선
A033160,KOSDAQ,엠케이전자
A033170,KOSDAQ,시그네틱스
A033200,KOSDAQ,모아텍
A033230,KOSDAQ,인성정보
A033290,KOSDAQ,코웰패션
A033310,KOSDAQ,디케이디앤아이
A033320,KOSDAQ,제이씨현시스템
A033340,KOSDAQ,좋은사람들
A033430,KOSDAQ,디에스티
A033500,KOSDAQ,동성화인텍
A033540,KOSDAQ,파라텍
A033560,KOSDAQ,블루콤
A033600,KOSDAQ,에이코넬
A033640,KOSDAQ,네패스
A033790,KOSDAQ,스카이문스테크놀로지
A033830,KOSDAQ,티비씨
A034230,KOSDAQ,파라다이스
A034810,KOSDAQ,해성산업
A034940,KOSDAQ,조아제약
A034950,KOSDAQ,한국기업평가
A035080,KOSDAQ,인터파크홀딩스
A035200,KOSDAQ,프럼파스트
A035290,KOSDAQ,더블유에프엠
A035460,KOSDAQ,기산텔레콤
A035480,KOSDAQ,마제스타
A035600,KOSDAQ,KG이니시스
A035610,KOSDAQ,솔본
A035620,KOSDAQ,바른손이앤에이
A035760,KOSDAQ,CJ ENM
A035810,KOSDAQ,이지바이오
A035890,KOSDAQ,서희건설
A035900,KOSDAQ,JYP Ent.
A036000,KOSDAQ,예림당
A036010,KOSDAQ,아비코전자
A036030,KOSDAQ,KTH
A036090,KOSDAQ,위지트
A036120,KOSDAQ,SCI평가정보
A036170,KOSDAQ,씨티젠
A036180,KOSDAQ,영인프런티어
A036190,KOSDAQ,금화피에스시
A036200,KOSDAQ,유니셈
A036260,KOSDAQ,이매진아시아
A036420,KOSDAQ,제이콘텐트리
A036480,KOSDAQ,대성미생물
A036490,KOSDAQ,SK머티리얼즈
A036540,KOSDAQ,SFA반도체
A036560,KOSDAQ,영풍정밀
A036620,KOSDAQ,버추얼텍
A036630,KOSDAQ,세종텔레콤
A036640,KOSDAQ,HRS
A036670,KOSDAQ,KCI
A036690,KOSDAQ,코맥스
A036710,KOSDAQ,심텍홀딩스
A036800,KOSDAQ,나이스정보통신
A036810,KOSDAQ,에프에스티
A036830,KOSDAQ,솔브레인
A036890,KOSDAQ,진성티이씨
A036930,KOSDAQ,주성엔지니어링
A037030,KOSDAQ,파워넷
A037070,KOSDAQ,파세코
A037230,KOSDAQ,한국팩키지
A037330,KOSDAQ,인지디스플레
A037350,KOSDAQ,성도이엔지
A037370,KOSDAQ,EG
A037400,KOSDAQ,우리조명
A037440,KOSDAQ,희림
A037460,KOSDAQ,삼지전자
A037760,KOSDAQ,쎄니트
A037950,KOSDAQ,엘컴텍
A038010,KOSDAQ,제일테크노스
A038060,KOSDAQ,루멘스
A038070,KOSDAQ,서린바이오
A038110,KOSDAQ,에코플라스틱
A038160,KOSDAQ,팍스넷
A038290,KOSDAQ,마크로젠
A038340,KOSDAQ,UCI
A038390,KOSDAQ,레드캡투어
A038460,KOSDAQ,바이오스마트
A038500,KOSDAQ,삼표시멘트
A038530,KOSDAQ,골드퍼시픽
A038540,KOSDAQ,상상인
A038620,KOSDAQ,위즈코프
A038680,KOSDAQ,에스넷
A038870,KOSDAQ,에코바이오
A038880,KOSDAQ,아이에이
A038950,KOSDAQ,파인디지털
A039010,KOSDAQ,현대통신
A039020,KOSDAQ,이건홀딩스
A039030,KOSDAQ,이오테크닉스
A039200,KOSDAQ,오스코텍
A039230,KOSDAQ,에이아이비트
A039240,KOSDAQ,경남스틸
A039290,KOSDAQ,인포뱅크
A039310,KOSDAQ,세중
A039340,KOSDAQ,한국경제TV
A039420,KOSDAQ,케이엘넷
A039440,KOSDAQ,에스티아이
A039560,KOSDAQ,다산네트웍스
A039610,KOSDAQ,화성밸브
A039670,KOSDAQ,스포츠서울
A039740,KOSDAQ,한국정보공학
A039830,KOSDAQ,오로라
A039840,KOSDAQ,디오
A039860,KOSDAQ,나노엔텍
A039980,KOSDAQ,리노스
A040160,KOSDAQ,누리텔레콤
A040300,KOSDAQ,YTN
A040350,KOSDAQ,큐로컴
A040420,KOSDAQ,정상제이엘에스
A040610,KOSDAQ,SG&G
A040910,KOSDAQ,아이씨디
A041020,KOSDAQ,인프라웨어
A041140,KOSDAQ,넥슨지티
A041190,KOSDAQ,우리기술투자
A041440,KOSDAQ,에버다임
A041460,KOSDAQ,한국전자인증
A041510,KOSDAQ,에스엠
A041520,KOSDAQ,이라이콤
A041590,KOSDAQ,에너전트
A041830,KOSDAQ,인바디
A041910,KOSDAQ,에스텍파마
A041920,KOSDAQ,메디아나
A041930,KOSDAQ,동아화성
A041960,KOSDAQ,코미팜
A042000,KOSDAQ,카페24
A042040,KOSDAQ,케이피엠테크
A042110,KOSDAQ,에스씨디
A042370,KOSDAQ,비츠로테크
A042420,KOSDAQ,네오위즈홀딩스
A042500,KOSDAQ,링네트
A042510,KOSDAQ,라온시큐어
A042520,KOSDAQ,한스바이오메드
A042600,KOSDAQ,새로닉스
A042940,KOSDAQ,상지카일룸
A043090,KOSDAQ,팜스웰바이오
A043100,KOSDAQ,솔고바이오
A043150,KOSDAQ,바텍
A043200,KOSDAQ,파루
A043220,KOSDAQ,에이치엘비파워
A043260,KOSDAQ,성호전자
A043290,KOSDAQ,케이맥
A043340,KOSDAQ,에쎈테크
A043360,KOSDAQ,디지아이
A043370,KOSDAQ,평화정공
A043590,KOSDAQ,크로바하이텍
A043610,KOSDAQ,지니뮤직
A043650,KOSDAQ,국순당
A043710,KOSDAQ,서울리거
A043910,KOSDAQ,자연과환경
A044060,KOSDAQ,조광ILI
A044180,KOSDAQ,KD건설
A044340,KOSDAQ,위닉스
A044480,KOSDAQ,바이오제네틱스
A044490,KOSDAQ,태웅
A044780,KOSDAQ,에이치케이
A044960,KOSDAQ,이글벳
A045060,KOSDAQ,오공
A045100,KOSDAQ,한양이엔지
A045300,KOSDAQ,성우테크론
A045340,KOSDAQ,토탈소프트
A045390,KOSDAQ,대아티아이
A045510,KOSDAQ,정원엔시스
A045520,KOSDAQ,크린앤사이언스
A045660,KOSDAQ,에이텍
A045890,KOSDAQ,GV
A045970,KOSDAQ,코아시아홀딩스
A046070,KOSDAQ,코다코
A046110,KOSDAQ,한일네트웍스
A046120,KOSDAQ,오르비텍
A046140,KOSDAQ,SBS콘텐츠허브
A046210,KOSDAQ,파나진
A046310,KOSDAQ,백금T&A
A046390,KOSDAQ,삼화네트웍스
A046440,KOSDAQ,KG모빌리언스
A046890,KOSDAQ,서울반도체
A046940,KOSDAQ,우원개발
A046970,KOSDAQ,우리로
A047080,KOSDAQ,한빛소프트
A047310,KOSDAQ,파워로직스
A047560,KOSDAQ,이스트소프트
A047770,KOSDAQ,코데즈컴바인
A047820,KOSDAQ,초록뱀
A047920,KOSDAQ,씨트리
A048260,KOSDAQ,오스템임플란트
A048410,KOSDAQ,현대바이오
A048430,KOSDAQ,유라테크
A048470,KOSDAQ,대동스틸
A048530,KOSDAQ,인트론바이오
A048550,KOSDAQ,SM C&C
A048770,KOSDAQ,TPC
A048830,KOSDAQ,엔피케이
A048870,KOSDAQ,시너지이노베이션
A048910,KOSDAQ,대원미디어
A049070,KOSDAQ,인탑스
A049080,KOSDAQ,기가레인
A049120,KOSDAQ,파인디앤씨
A049180,KOSDAQ,셀루메드
A049430,KOSDAQ,코메론
A049470,KOSDAQ,SGA
A049480,KOSDAQ,오픈베이스
A049520,KOSDAQ,유아이엘
A049550,KOSDAQ,잉크테크
A049630,KOSDAQ,재영솔루텍
A049720,KOSDAQ,고려신용정보
A049830,KOSDAQ,승일
A049950,KOSDAQ,미래컴퍼니
A049960,KOSDAQ,쎌바이오텍
A050090,KOSDAQ,휘닉스소재
A050110,KOSDAQ,캠시스
A050120,KOSDAQ,라이브플렉스
A050320,KOSDAQ,에이앤티앤
A050540,KOSDAQ,한국코퍼레이션
A050760,KOSDAQ,에스폴리텍
A050860,KOSDAQ,아세아텍
A050890,KOSDAQ,쏠리드
A050960,KOSDAQ,수산아이앤티
A051160,KOSDAQ,지어소프트
A051360,KOSDAQ,토비스
A051370,KOSDAQ,인터플렉스
A051380,KOSDAQ,피씨디렉트
A051390,KOSDAQ,YW
A051490,KOSDAQ,나라엠앤디
A051500,KOSDAQ,CJ프레시웨이
A051780,KOSDAQ,큐로홀딩스
A051980,KOSDAQ,중앙리빙테크
A052020,KOSDAQ,에스티큐브
A052190,KOSDAQ,이에스에이
A052220,KOSDAQ,iMBC
A052260,KOSDAQ,SK바이오랜드
A052300,KOSDAQ,W홀딩컴퍼니
A052330,KOSDAQ,코텍
A052400,KOSDAQ,코나아이
A052420,KOSDAQ,오성첨단소재
A052460,KOSDAQ,아이크래프트
A052600,KOSDAQ,한네트
A052670,KOSDAQ,제일바이오
A052710,KOSDAQ,아모텍
A052770,KOSDAQ,와이디온라인
A052790,KOSDAQ,액토즈소프트
A052860,KOSDAQ,아이앤씨
A052900,KOSDAQ,KMH하이텍
A053030,KOSDAQ,바이넥스
A053050,KOSDAQ,지에스이
A053060,KOSDAQ,세동
A053110,KOSDAQ,소리바다
A053160,KOSDAQ,프리엠스
A053260,KOSDAQ,금강철강
A053270,KOSDAQ,구영테크
A053280,KOSDAQ,예스24
A053290,KOSDAQ,NE능률
A053300,KOSDAQ,한국정보인증
A053350,KOSDAQ,이니텍
A053450,KOSDAQ,세코닉스
A053590,KOSDAQ,한국테크놀로지
A053610,KOSDAQ,프로텍
A053620,KOSDAQ,태양
A053660,KOSDAQ,현진소재
A053700,KOSDAQ,삼보모터스
A053800,KOSDAQ,안랩
A053950,KOSDAQ,경남제약
A053980,KOSDAQ,오상자이엘
A054040,KOSDAQ,한국컴퓨터
A054050,KOSDAQ,농우바이오
A054090,KOSDAQ,삼진엘앤디
A054180,KOSDAQ,중앙오션
A054210,KOSDAQ,이랜텍
A054220,KOSDAQ,비츠로시스
A054300,KOSDAQ,팬스타엔터프라이즈
A054340,KOSDAQ,피앤텔
A054410,KOSDAQ,케이피티유
A054450,KOSDAQ,텔레칩스
A054540,KOSDAQ,삼영엠텍
A054620,KOSDAQ,APS홀딩스
A054630,KOSDAQ,에이디칩스
A054670,KOSDAQ,대한뉴팜
A054780,KOSDAQ,키이스트
A054800,KOSDAQ,아이디스홀딩스
A054920,KOSDAQ,한컴시큐어
A054930,KOSDAQ,유신
A054940,KOSDAQ,엑사이엔씨
A054950,KOSDAQ,제이브이엠
A056000,KOSDAQ,신스타임즈
A056080,KOSDAQ,유진로봇
A056090,KOSDAQ,유앤아이
A056190,KOSDAQ,에스에프에이
A056360,KOSDAQ,코위버
A056700,KOSDAQ,신화인터텍
A056730,KOSDAQ,포스링크
A057030,KOSDAQ,와이비엠넷
A057500,KOSDAQ,SKC 솔믹스
A057540,KOSDAQ,옴니시스템
A057680,KOSDAQ,옴니텔
A057880,KOSDAQ,토필드
A058110,KOSDAQ,멕아이씨에스
A058220,KOSDAQ,아리온
A058400,KOSDAQ,KNN
A058420,KOSDAQ,제이웨이
A058450,KOSDAQ,일야
A058470,KOSDAQ,리노공업
A058530,KOSDAQ,슈펙스비앤피
A058610,KOSDAQ,에스피지
A058630,KOSDAQ,엠게임
A058820,KOSDAQ,CMG제약
A059090,KOSDAQ,미코
A059100,KOSDAQ,아이컴포넌트
A059120,KOSDAQ,아진엑스텍
A059210,KOSDAQ,메타바이오메드
A060150,KOSDAQ,인선이엔티
A060230,KOSDAQ,이그잭스
A060240,KOSDAQ,룽투코리아
A060250,KOSDAQ,NHN한국사이버결제
A060260,KOSDAQ,뉴보텍
A060280,KOSDAQ,큐렉소
A060300,KOSDAQ,레드로버
A060310,KOSDAQ,3S
A060370,KOSDAQ,KT서브마린
A060380,KOSDAQ,동양에스텍
A060480,KOSDAQ,국일신동
A060540,KOSDAQ,에스에이티
A060560,KOSDAQ,홈센타홀딩스
A060570,KOSDAQ,아이리버
A060590,KOSDAQ,씨티씨바이오
A060720,KOSDAQ,KH바텍
A060900,KOSDAQ,퍼시픽바이오
A061040,KOSDAQ,알에프텍
A061250,KOSDAQ,화일약품
A061970,KOSDAQ,엘비세미콘
A062860,KOSDAQ,티엘아이
A063080,KOSDAQ,게임빌
A063170,KOSDAQ,서울옥션
A063440,KOSDAQ,SM Life Design
A063570,KOSDAQ,한국전자금융
A063760,KOSDAQ,이엘피
A064090,KOSDAQ,에프앤리퍼블릭
A064240,KOSDAQ,홈캐스트
A064260,KOSDAQ,다날
A064290,KOSDAQ,인텍플러스
A064480,KOSDAQ,브리지텍
A064510,KOSDAQ,에코마이스터
A064520,KOSDAQ,바른전자
A064550,KOSDAQ,바이오니아
A064760,KOSDAQ,티씨케이
A064800,KOSDAQ,필링크
A064820,KOSDAQ,케이프
A065060,KOSDAQ,지엔코
A065130,KOSDAQ,탑엔지니어링
A065150,KOSDAQ,MP그룹
A065160,KOSDAQ,에프티이앤이
A065170,KOSDAQ,넥스트BT
A065350,KOSDAQ,신성델타테크
A065420,KOSDAQ,에스아이리소스
A065440,KOSDAQ,이루온
A065450,KOSDAQ,빅텍
A065500,KOSDAQ,오리엔트정공
A065510,KOSDAQ,휴비츠
A065530,KOSDAQ,전파기지국
A065560,KOSDAQ,녹원씨엔아이
A065570,KOSDAQ,삼영이엔씨
A065620,KOSDAQ,제낙스
A065650,KOSDAQ,메디프론
A065660,KOSDAQ,안트로젠
A065680,KOSDAQ,우주일렉트로
A065690,KOSDAQ,대진디엠피
A065710,KOSDAQ,서호전기
A065770,KOSDAQ,CS
A065940,KOSDAQ,바이오빌
A065950,KOSDAQ,웰크론
A066110,KOSDAQ,한프
A066130,KOSDAQ,하츠
A066310,KOSDAQ,큐에스아이
A066360,KOSDAQ,체리부로
A066410,KOSDAQ,버킷스튜디오
A066430,KOSDAQ,와이오엠
A066590,KOSDAQ,우수AMS
A066620,KOSDAQ,국보디자인
A066670,KOSDAQ,디스플레이텍
A066700,KOSDAQ,테라젠이텍스
A066790,KOSDAQ,씨씨에스
A066900,KOSDAQ,디에이피
A066910,KOSDAQ,손오공
A066970,KOSDAQ,엘앤에프
A066980,KOSDAQ,브레인콘텐츠
A067000,KOSDAQ,조이시티
A067010,KOSDAQ,이씨에스
A067080,KOSDAQ,대화제약
A067160,KOSDAQ,아프리카TV
A067170,KOSDAQ,오텍
A067280,KOSDAQ,멀티캠퍼스
A067290,KOSDAQ,JW신약
A067310,KOSDAQ,하나마이크론
A067390,KOSDAQ,아스트
A067570,KOSDAQ,엔브이에이치코리아
A067630,KOSDAQ,에이치엘비생명과학
A067730,KOSDAQ,로지시스
A067770,KOSDAQ,세진티에스
A067900,KOSDAQ,와이엔텍
A067920,KOSDAQ,이글루시큐리티
A067990,KOSDAQ,도이치모터스
A068050,KOSDAQ,팬엔터테인먼트
A068240,KOSDAQ,다원시스
A068330,KOSDAQ,일신바이오
A068760,KOSDAQ,셀트리온제약
A068790,KOSDAQ,DMS
A068930,KOSDAQ,디지털대성
A068940,KOSDAQ,아이씨케이
A069080,KOSDAQ,웹젠
A069110,KOSDAQ,코스온
A069140,KOSDAQ,누리플랜
A069330,KOSDAQ,유아이디
A069410,KOSDAQ,엔텔스
A069510,KOSDAQ,에스텍
A069540,KOSDAQ,라이트론
A069920,KOSDAQ,아이에스이커머스
A070300,KOSDAQ,한솔시큐어
A070590,KOSDAQ,한솔인티큐브
A071200,KOSDAQ,인피니트헬스케어
A071280,KOSDAQ,로체시스템즈
A071460,KOSDAQ,대유위니아
A071670,KOSDAQ,에이테크솔루션
A071850,KOSDAQ,캐스텍코리아
A072020,KOSDAQ,중앙백신
A072470,KOSDAQ,우리산업홀딩스
A072520,KOSDAQ,제넨바이오
A072770,KOSDAQ,네오디안테크놀로지
A072870,KOSDAQ,메가스터디
A072950,KOSDAQ,빛샘전자
A072990,KOSDAQ,에이치시티
A073010,KOSDAQ,케이에스피
A073070,KOSDAQ,에스모
A073110,KOSDAQ,엘엠에스
A073190,KOSDAQ,듀오백
A073490,KOSDAQ,이노와이어리스
A073540,KOSDAQ,에프알텍
A073560,KOSDAQ,우리손에프앤지
A073570,KOSDAQ,피엠지파마
A073640,KOSDAQ,삼원테크
A074430,KOSDAQ,아미노로직스
A074600,KOSDAQ,원익QnC
A075130,KOSDAQ,플랜티넷
A075970,KOSDAQ,동국알앤에스
A076080,KOSDAQ,웰크론한텍
A076610,KOSDAQ,해성옵틱스
A077280,KOSDAQ,한컴지엠디
A077360,KOSDAQ,덕산하이메탈
A078020,KOSDAQ,이베스트투자증권
A078070,KOSDAQ,유비쿼스홀딩스
A078130,KOSDAQ,국일제지
A078140,KOSDAQ,대봉엘에스
A078150,KOSDAQ,HB테크놀러지
A078160,KOSDAQ,메디포스트
A078340,KOSDAQ,컴투스
A078350,KOSDAQ,한양디지텍
A078590,KOSDAQ,두올산업
A078600,KOSDAQ,대주전자재료
A078650,KOSDAQ,코렌
A078860,KOSDAQ,아이오케이
A078890,KOSDAQ,가온미디어
A078940,KOSDAQ,일경산업개발
A079000,KOSDAQ,와토스코리아
A079170,KOSDAQ,한창산업
A079190,KOSDAQ,EMW
A079370,KOSDAQ,제우스
A079650,KOSDAQ,서산
A079810,KOSDAQ,디이엔티
A079940,KOSDAQ,가비아
A079950,KOSDAQ,인베니아
A079960,KOSDAQ,동양이엔피
A079970,KOSDAQ,투비소프트
A080000,KOSDAQ,에스엔유
A080010,KOSDAQ,이상네트웍스
A080160,KOSDAQ,모두투어
A080220,KOSDAQ,제주반도체
A080420,KOSDAQ,모다이노칩
A080440,KOSDAQ,에스제이케이
A080470,KOSDAQ,성창오토텍
A080520,KOSDAQ,오디텍
A080530,KOSDAQ,코디
A080580,KOSDAQ,오킨스전자
A080720,KOSDAQ,한국유니온제약
A081150,KOSDAQ,티플랙스
A081580,KOSDAQ,성우전자
A082210,KOSDAQ,옵트론텍
A082270,KOSDAQ,젬백스
A082660,KOSDAQ,삼우엠스
A082800,KOSDAQ,루미마이크로
A082850,KOSDAQ,우리이티아이
A082920,KOSDAQ,비츠로셀
A083310,KOSDAQ,엘오티베큠
A083450,KOSDAQ,GST
A083470,KOSDAQ,KJ프리텍
A083500,KOSDAQ,에프엔에스테크
A083550,KOSDAQ,케이엠
A083640,KOSDAQ,인콘
A083650,KOSDAQ,비에이치아이
A083660,KOSDAQ,CSA 코스믹
A083790,KOSDAQ,크리스탈
A083930,KOSDAQ,아바코
A084110,KOSDAQ,휴온스글로벌
A084180,KOSDAQ,수성
A084370,KOSDAQ,유진테크
A084650,KOSDAQ,랩지노믹스
A084730,KOSDAQ,팅크웨어
A084990,KOSDAQ,바이로메드
A085370,KOSDAQ,루트로닉
A085660,KOSDAQ,차바이오텍
A085670,KOSDAQ,뉴프렉스
A085810,KOSDAQ,알티캐스트
A085910,KOSDAQ,네오티스
A086040,KOSDAQ,바이오톡스텍
A086060,KOSDAQ,진바이오텍
A086250,KOSDAQ,화신테크
A086390,KOSDAQ,유니테스트
A086450,KOSDAQ,동국제약
A086520,KOSDAQ,에코프로
A086670,KOSDAQ,비엠티
A086820,KOSDAQ,바이오솔루션
A086890,KOSDAQ,이수앱지스
A086900,KOSDAQ,메디톡스
A086960,KOSDAQ,한컴MDS
A086980,KOSDAQ,쇼박스
A087010,KOSDAQ,펩트론
A087260,KOSDAQ,모바일어플라이언스
A087600,KOSDAQ,픽셀플러스
A087730,KOSDAQ,네패스신소재
A088130,KOSDAQ,동아엘텍
A088290,KOSDAQ,이원컴포텍
A088390,KOSDAQ,이녹스
A088800,KOSDAQ,에이스테크
A088910,KOSDAQ,동우팜투테이블
A089010,KOSDAQ,켐트로닉스
A089030,KOSDAQ,테크윙
A089140,KOSDAQ,넥스턴
A089150,KOSDAQ,케이씨티
A089230,KOSDAQ,THE E&M
A089530,KOSDAQ,에이티세미콘
A089600,KOSDAQ,나스미디어
A089790,KOSDAQ,제이티
A089850,KOSDAQ,유비벨록스
A089890,KOSDAQ,코세스
A089970,KOSDAQ,에이피티씨
A089980,KOSDAQ,상아프론테크
A090150,KOSDAQ,광진윈텍
A090360,KOSDAQ,로보스타
A090410,KOSDAQ,덕신하우징
A090460,KOSDAQ,비에이치
A090470,KOSDAQ,제이스텍
A090710,KOSDAQ,디에스티로봇
A090740,KOSDAQ,연이정보통신
A090850,KOSDAQ,이지웰페어
A091120,KOSDAQ,이엠텍
A091340,KOSDAQ,S&K폴리텍
A091440,KOSDAQ,텔레필드
A091580,KOSDAQ,상신이디피
A091590,KOSDAQ,남화토건
A091700,KOSDAQ,파트론
A091970,KOSDAQ,나노캠텍
A091990,KOSDAQ,셀트리온헬스케어
A092040,KOSDAQ,아미코젠
A092070,KOSDAQ,디엔에프
A092130,KOSDAQ,이크레더블
A092300,KOSDAQ,현우산업
A092460,KOSDAQ,한라IMS
A092600,KOSDAQ,넥스트칩
A092730,KOSDAQ,네오팜
A092870,KOSDAQ,엑시콘
A093190,KOSDAQ,빅솔론
A093320,KOSDAQ,케이아이엔엑스
A093380,KOSDAQ,풍강
A093520,KOSDAQ,매커스
A093640,KOSDAQ,다믈멀티미디어
A093920,KOSDAQ,서원인텍
A094170,KOSDAQ,동운아나텍
A094190,KOSDAQ,이엘케이
A094360,KOSDAQ,칩스앤미디어
A094480,KOSDAQ,갤럭시아컴즈
A094820,KOSDAQ,일진파워
A094840,KOSDAQ,슈프리마에이치큐
A094850,KOSDAQ,참좋은여행
A094860,KOSDAQ,코닉글로리
A094940,KOSDAQ,푸른기술
A094970,KOSDAQ,제이엠티
A095190,KOSDAQ,이엠코리아
A095270,KOSDAQ,웨이브일렉트로
A095340,KOSDAQ,ISC
A095500,KOSDAQ,미래나노텍
A095610,KOSDAQ,테스
A095660,KOSDAQ,네오위즈
A095700,KOSDAQ,제넥신
A095910,KOSDAQ,에스에너지
A096040,KOSDAQ,이트론
A096240,KOSDAQ,청담러닝
A096350,KOSDAQ,대창솔루션
A096530,KOSDAQ,씨젠
A096610,KOSDAQ,알에프세미
A096630,KOSDAQ,에스코넥
A096640,KOSDAQ,멜파스
A096690,KOSDAQ,제이스테판
A096870,KOSDAQ,엘디티
A097520,KOSDAQ,엠씨넥스
A097780,KOSDAQ,에스맥
A097800,KOSDAQ,윈팩
A097870,KOSDAQ,효성오앤비
A098120,KOSDAQ,마이크로컨텍솔
A098460,KOSDAQ,고영
A098660,KOSDAQ,에스티오
A099190,KOSDAQ,아이센스
A099220,KOSDAQ,SDN
A099320,KOSDAQ,쎄트렉아이
A099410,KOSDAQ,동방선기
A099440,KOSDAQ,스맥
A099520,KOSDAQ,ITX엠투엠
A100030,KOSDAQ,모바일리더
A100090,KOSDAQ,삼강엠앤티
A100120,KOSDAQ,뷰웍스
A100130,KOSDAQ,동국S&C
A100590,KOSDAQ,머큐리
A100660,KOSDAQ,서암기계공업
A100700,KOSDAQ,세운메디칼
A101000,KOSDAQ,디엠씨
A101160,KOSDAQ,월덱스
A101170,KOSDAQ,우림기계
A101240,KOSDAQ,씨큐브
A101330,KOSDAQ,모베이스
A101390,KOSDAQ,아이엠
A101400,KOSDAQ,엔시트론
A101490,KOSDAQ,에스앤에스텍
A101670,KOSDAQ,코리아에스이
A101680,KOSDAQ,한국정밀기계
A101730,KOSDAQ,조이맥스
A101930,KOSDAQ,인화정공
A102120,KOSDAQ,어보브반도체
A102210,KOSDAQ,해덕파워웨이
A102710,KOSDAQ,이엔에프테크놀로지
A102940,KOSDAQ,코오롱생명과학
A103230,KOSDAQ,에스앤더블류
A104040,KOSDAQ,대성파인텍
A104200,KOSDAQ,NHN벅스
A104460,KOSDAQ,동양피엔에프
A104480,KOSDAQ,티케이케미칼
A104540,KOSDAQ,코렌텍
A104830,KOSDAQ,원익머트리얼즈
A105330,KOSDAQ,케이엔더블유
A105550,KOSDAQ,트루윈
A105740,KOSDAQ,디케이락
A106080,KOSDAQ,지투하이소닉
A106190,KOSDAQ,하이텍팜
A106240,KOSDAQ,파인테크닉스
A106520,KOSDAQ,디지탈옵틱
A108230,KOSDAQ,톱텍
A108320,KOSDAQ,실리콘웍스
A108380,KOSDAQ,대양전기공업
A108490,KOSDAQ,로보티즈
A108790,KOSDAQ,인터파크
A108860,KOSDAQ,셀바스AI
A109080,KOSDAQ,옵티시스
A109610,KOSDAQ,에스와이패널
A109740,KOSDAQ,디에스케이
A109820,KOSDAQ,진매트릭스
A109860,KOSDAQ,동일금속
A109960,KOSDAQ,에이프로젠 H&G
A110020,KOSDAQ,전진바이오팜
A110790,KOSDAQ,크리스에프앤씨
A110990,KOSDAQ,디아이티
A111710,KOSDAQ,남화산업
A111820,KOSDAQ,지와이커머스
A111870,KOSDAQ,삼본정밀전자
A112040,KOSDAQ,위메이드
A112240,KOSDAQ,에스에프씨
A113810,KOSDAQ,디젠스
A114120,KOSDAQ,크루셜텍
A114190,KOSDAQ,웰크론강원
A114450,KOSDAQ,KPX생명과학
A114570,KOSDAQ,지스마트글로벌
A114630,KOSDAQ,우노앤컴퍼니
A114810,KOSDAQ,아이원스
A115160,KOSDAQ,휴맥스
A115180,KOSDAQ,큐리언트
A115310,KOSDAQ,인포바인
A115440,KOSDAQ,우리넷
A115450,KOSDAQ,지트리비앤티
A115480,KOSDAQ,씨유메디칼
A115500,KOSDAQ,케이씨에스
A115530,KOSDAQ,씨엔플러스
A115570,KOSDAQ,스타플렉스
A115610,KOSDAQ,이미지스
A115960,KOSDAQ,연우
A117670,KOSDAQ,알파홀딩스
A117730,KOSDAQ,티로보틱스
A118990,KOSDAQ,모트렉스
A119500,KOSDAQ,포메탈
A119610,KOSDAQ,인터로조
A119830,KOSDAQ,아이텍반도체
A119850,KOSDAQ,지엔씨에너지
A119860,KOSDAQ,다나와
A120240,KOSDAQ,대정화금
A121440,KOSDAQ,골프존뉴딘홀딩스
A121600,KOSDAQ,나노신소재
A121800,KOSDAQ,비덴트
A121850,KOSDAQ,코이즈
A121890,KOSDAQ,에스디시스템
A122310,KOSDAQ,제노레이
A122350,KOSDAQ,삼기오토모티브
A122450,KOSDAQ,KMH
A122640,KOSDAQ,예스티
A122690,KOSDAQ,서진오토모티브
A122800,KOSDAQ,썬텍
A122870,KOSDAQ,와이지엔터테인먼트
A122990,KOSDAQ,와이솔
A123010,KOSDAQ,옵토팩
A123040,KOSDAQ,엠에스오토텍
A123100,KOSDAQ,원익테라세미콘
A123260,KOSDAQ,STC
A123330,KOSDAQ,제닉
A123410,KOSDAQ,코리아에프티
A123420,KOSDAQ,선데이토즈
A123570,KOSDAQ,이엠넷
A123750,KOSDAQ,알톤스포츠
A123840,KOSDAQ,한일진공
A123860,KOSDAQ,아나패스
A124500,KOSDAQ,아이티센
A126600,KOSDAQ,코프라
A126640,KOSDAQ,화신정공
A126700,KOSDAQ,하이비젼시스템
A126870,KOSDAQ,뉴로스
A126880,KOSDAQ,제이엔케이히터
A127120,KOSDAQ,디엔에이링크
A127160,KOSDAQ,매직마이크로
A127710,KOSDAQ,아시아경제
A128540,KOSDAQ,에코캡
A128660,KOSDAQ,피제이메탈
A130500,KOSDAQ,GH신소재
A130580,KOSDAQ,나이스디앤비
A130740,KOSDAQ,티피씨글로벌
A131030,KOSDAQ,디에이치피코리아
A131090,KOSDAQ,시큐브
A131100,KOSDAQ,리켐
A131180,KOSDAQ,딜리
A131220,KOSDAQ,대한과학
A131290,KOSDAQ,티에스이
A131370,KOSDAQ,알서포트
A131390,KOSDAQ,피앤이솔루션
A131400,KOSDAQ,액트
A131760,KOSDAQ,파인텍
A131970,KOSDAQ,테스나
A133750,KOSDAQ,메가엠디
A134060,KOSDAQ,이퓨쳐
A134580,KOSDAQ,디엠티
A134780,KOSDAQ,화진
A136480,KOSDAQ,하림
A136510,KOSDAQ,쎄미시스코
A136540,KOSDAQ,윈스
A137400,KOSDAQ,피엔티
A137940,KOSDAQ,넥스트아이
A137950,KOSDAQ,제이씨케미칼
A138070,KOSDAQ,신진에스엠
A138080,KOSDAQ,오이솔루션
A138360,KOSDAQ,에이씨티
A138580,KOSDAQ,비즈니스온
A138610,KOSDAQ,나이벡
A138690,KOSDAQ,엘아이에스
A139050,KOSDAQ,데일리블록체인
A139670,KOSDAQ,넥스트리밍
A140070,KOSDAQ,서플러스글로벌
A140410,KOSDAQ,메지온
A140520,KOSDAQ,대창스틸
A140670,KOSDAQ,알에스오토메이션
A140860,KOSDAQ,파크시스템스
A141000,KOSDAQ,비아트론
A141020,KOSDAQ,포티스
A141070,KOSDAQ,맥스로텍
A141080,KOSDAQ,레고켐바이오
A142210,KOSDAQ,유니트론텍
A142280,KOSDAQ,녹십자엠에스
A142760,KOSDAQ,바이오리더스
A143160,KOSDAQ,아이디스
A143240,KOSDAQ,사람인에이치알
A143540,KOSDAQ,영우디에스피
A144510,KOSDAQ,녹십자랩셀
A144960,KOSDAQ,뉴파워프라즈마
A145020,KOSDAQ,휴젤
A147760,KOSDAQ,마이크로프랜드
A147830,KOSDAQ,제룡산업
A148140,KOSDAQ,비디아이
A148250,KOSDAQ,알엔투테크놀로지
A149940,KOSDAQ,모다
A149950,KOSDAQ,아바텍
A149980,KOSDAQ,하이로닉
A150840,KOSDAQ,인트로메딕
A150900,KOSDAQ,파수닷컴
A151860,KOSDAQ,KG ETS
A151910,KOSDAQ,나노스
A153460,KOSDAQ,네이블
A153490,KOSDAQ,우리이앤엘
A153710,KOSDAQ,옵티팜
A154030,KOSDAQ,아시아종묘
A154040,KOSDAQ,솔루에타
A155650,KOSDAQ,와이엠씨
A156100,KOSDAQ,엘앤케이바이오
A158310,KOSDAQ,인터불스
A159580,KOSDAQ,제로투세븐
A159910,KOSDAQ,스킨앤스킨
A160550,KOSDAQ,NEW
A160600,KOSDAQ,에스엔텍
A160980,KOSDAQ,싸이맥스
A161570,KOSDAQ,THE MIDONG
A161580,KOSDAQ,필옵틱스
A166090,KOSDAQ,하나머티리얼즈
A166480,KOSDAQ,코아스템
A168330,KOSDAQ,내츄럴엔도텍
A170030,KOSDAQ,현대공업
A170790,KOSDAQ,파이오링크
A170920,KOSDAQ,엘티씨
A171010,KOSDAQ,램테크놀러지
A171090,KOSDAQ,선익시스템
A171120,KOSDAQ,라이온켐텍
A173130,KOSDAQ,오파스넷
A173940,KOSDAQ,에프엔씨엔터
A174880,KOSDAQ,장원테크
A174900,KOSDAQ,앱클론
A175140,KOSDAQ,인포마크
A175250,KOSDAQ,아이큐어
A176440,KOSDAQ,에이치엔티
A177350,KOSDAQ,베셀
A177830,KOSDAQ,파버나인
A178320,KOSDAQ,서진시스템
A178780,KOSDAQ,유테크
A178920,KOSDAQ,SKC코오롱PI
A179290,KOSDAQ,엠아이텍
A179900,KOSDAQ,유티아이
A180400,KOSDAQ,캔서롭
A181340,KOSDAQ,이즈미디어
A182360,KOSDAQ,큐브엔터
A182400,KOSDAQ,에이티젠
A182690,KOSDAQ,테라셈
A183300,KOSDAQ,코미코
A183490,KOSDAQ,엔지켐생명과학
A184230,KOSDAQ,SGA솔루션즈
A185490,KOSDAQ,아이진
A187220,KOSDAQ,디티앤씨
A187270,KOSDAQ,신화콘텍
A187420,KOSDAQ,제노포커스
A187790,KOSDAQ,나노
A187870,KOSDAQ,디바이스이엔지
A189300,KOSDAQ,인텔리안테크
A189690,KOSDAQ,포시에스
A189860,KOSDAQ,서전기전
A189980,KOSDAQ,흥국에프엔비
A190510,KOSDAQ,나무가
A191410,KOSDAQ,육일씨엔에쓰
A191420,KOSDAQ,테고사이언스
A192080,KOSDAQ,더블유게임즈
A192250,KOSDAQ,케이사인
A192390,KOSDAQ,윈하이텍
A192410,KOSDAQ,감마누
A192440,KOSDAQ,슈피겐코리아
A193250,KOSDAQ,와이제이엠게임즈
A194480,KOSDAQ,데브시스터즈
A194510,KOSDAQ,파티게임즈
A194700,KOSDAQ,노바렉스
A195440,KOSDAQ,퓨전데이타
A195990,KOSDAQ,유지인트
A196170,KOSDAQ,알테오젠
A196300,KOSDAQ,애니젠
A196450,KOSDAQ,텔루스
A196490,KOSDAQ,디에이테크놀로지
A196700,KOSDAQ,웹스
A197140,KOSDAQ,디지캡
A197210,KOSDAQ,리드
A198440,KOSDAQ,고려시멘트
A200130,KOSDAQ,콜마비앤에이치
A200230,KOSDAQ,텔콘RF제약
A200470,KOSDAQ,하이셈
A200670,KOSDAQ,휴메딕스
A200710,KOSDAQ,에이디테크놀로지
A200780,KOSDAQ,비씨월드제약
A201490,KOSDAQ,미투온
A203450,KOSDAQ,유니온커뮤니티
A203650,KOSDAQ,드림시큐리티
A203690,KOSDAQ,프로스테믹스
A204020,KOSDAQ,엠코르셋
A204620,KOSDAQ,글로벌텍스프리
A204630,KOSDAQ,화이브라더스코리아
A204840,KOSDAQ,지엘팜텍
A204990,KOSDAQ,현성바이탈
A205100,KOSDAQ,엑셈
A205470,KOSDAQ,휴마시스
A205500,KOSDAQ,액션스퀘어
A206400,KOSDAQ,엔터메이트
A206560,KOSDAQ,덱스터
A206640,KOSDAQ,바디텍메드
A206650,KOSDAQ,유바이오로직스
A207760,KOSDAQ,미스터블루
A208140,KOSDAQ,정다운
A208340,KOSDAQ,파멥신
A208350,KOSDAQ,지란지교시큐리티
A208370,KOSDAQ,셀바스헬스케어
A208640,KOSDAQ,썸에이지
A208710,KOSDAQ,바이오로그디바이스
A208860,KOSDAQ,엔지스테크널러지
A211270,KOSDAQ,AP위성
A212560,KOSDAQ,네오오토
A213090,KOSDAQ,미래테크놀로지
A213420,KOSDAQ,덕산네오룩스
A214150,KOSDAQ,클래시스
A214180,KOSDAQ,민앤지
A214270,KOSDAQ,퓨쳐스트림네트웍스
A214310,KOSDAQ,세미콘라이트
A214370,KOSDAQ,케어젠
A214430,KOSDAQ,아이쓰리시스템
A214450,KOSDAQ,파마리서치프로덕트
A214680,KOSDAQ,디알텍
A214870,KOSDAQ,에치디프로
A215000,KOSDAQ,골프존
A215090,KOSDAQ,한컴유니맥스
A215100,KOSDAQ,로보로보
A215200,KOSDAQ,메가스터디교육
A215360,KOSDAQ,우리산업
A215380,KOSDAQ,우정바이오
A215480,KOSDAQ,토박스코리아
A215600,KOSDAQ,신라젠
A215790,KOSDAQ,이노인스트루먼트
A216050,KOSDAQ,인크로스
A217190,KOSDAQ,제너셈
A217270,KOSDAQ,넵튠
A217330,KOSDAQ,싸이토젠
A217480,KOSDAQ,에스디생명공학
A217500,KOSDAQ,러셀
A217600,KOSDAQ,켐온
A217620,KOSDAQ,디딤
A217730,KOSDAQ,강스템바이오텍
A217820,KOSDAQ,엔에스
A218150,KOSDAQ,미래생명자원
A218410,KOSDAQ,RFHIC
A219130,KOSDAQ,타이거일렉
A219420,KOSDAQ,링크제니시스
A219550,KOSDAQ,MP한강
A219750,KOSDAQ,지티지웰니스
A220100,KOSDAQ,퓨쳐켐
A220180,KOSDAQ,핸디소프트
A220260,KOSDAQ,켐트로스
A220630,KOSDAQ,해마로푸드서비스
A221610,KOSDAQ,한솔씨앤피
A221840,KOSDAQ,하이즈항공
A221980,KOSDAQ,케이디켐
A222040,KOSDAQ,뉴트리바이오텍
A222080,KOSDAQ,씨아이에스
A222110,KOSDAQ,팬젠
A222420,KOSDAQ,쎄노텍
A222800,KOSDAQ,심텍
A222810,KOSDAQ,한류에이아이센터
A222980,KOSDAQ,한국맥널티
A223310,KOSDAQ,이에스브이
A224060,KOSDAQ,코디엠
A224110,KOSDAQ,에이텍티앤
A225190,KOSDAQ,삼양옵틱스
A225330,KOSDAQ,씨엠에스에듀
A225430,KOSDAQ,케이엠제약
A225530,KOSDAQ,보광산업
A225570,KOSDAQ,넷게임즈
A225590,KOSDAQ,패션플랫폼
A225650,KOSDAQ,쿠첸
A226340,KOSDAQ,본느
A226350,KOSDAQ,아이엠텍
A226360,KOSDAQ,이엑스티
A226400,KOSDAQ,오스테오닉
A226440,KOSDAQ,한송네오텍
A226950,KOSDAQ,올릭스
A227100,KOSDAQ,디자인
A227610,KOSDAQ,아우딘퓨쳐스
A227950,KOSDAQ,마이크로텍
A228340,KOSDAQ,동양파일
A228850,KOSDAQ,레이언스
A230240,KOSDAQ,에치에프알
A230360,KOSDAQ,에코마케팅
A230980,KOSDAQ,솔트웍스
A232140,KOSDAQ,와이아이케이
A234100,KOSDAQ,세원
A234300,KOSDAQ,에스트래픽
A234920,KOSDAQ,자이글
A236200,KOSDAQ,슈프리마
A237690,KOSDAQ,에스티팜
A237750,KOSDAQ,피앤씨테크
A237880,KOSDAQ,클리오
A238090,KOSDAQ,앤디포스
A238120,KOSDAQ,로고스바이오
A238200,KOSDAQ,비피도
A238490,KOSDAQ,힘스
A239610,KOSDAQ,에이치엘사이언스
A240810,KOSDAQ,원익IPS
A241520,KOSDAQ,DSC인베스트먼트
A241690,KOSDAQ,유니테크노
A241710,KOSDAQ,코스메카코리아
A241770,KOSDAQ,메카로
A241790,KOSDAQ,오션브릿지
A241820,KOSDAQ,피씨엘
A242040,KOSDAQ,나무기술
A243070,KOSDAQ,휴온스
A243840,KOSDAQ,신흥에스이씨
A245620,KOSDAQ,EDGC
A246690,KOSDAQ,티에스인베스트먼트
A246710,KOSDAQ,티앤알바이오팹
A246720,KOSDAQ,아스타
A250000,KOSDAQ,보라티알
A250060,KOSDAQ,모비스
A251370,KOSDAQ,와이엠티
A251630,KOSDAQ,브이원텍
A252500,KOSDAQ,세화피앤씨
A253450,KOSDAQ,스튜디오드래곤
A255220,KOSDAQ,SG
A255440,KOSDAQ,야스
A256940,KOSDAQ,케이피에스
A257370,KOSDAQ,명성티엔에스
A258610,KOSDAQ,이더블유케이
A258830,KOSDAQ,세종메디칼
A259630,KOSDAQ,엠플러스
A260660,KOSDAQ,알리코제약
A260930,KOSDAQ,씨티케이코스메틱스
A263020,KOSDAQ,디케이앤디
A263050,KOSDAQ,유틸렉스
A263540,KOSDAQ,샘코
A263600,KOSDAQ,덕우전자
A263690,KOSDAQ,디알젬
A263700,KOSDAQ,케어랩스
A263720,KOSDAQ,디앤씨미디어
A263750,KOSDAQ,펄어비스
A263770,KOSDAQ,유에스티
A263800,KOSDAQ,데이타솔루션
A263810,KOSDAQ,상신전자
A263860,KOSDAQ,지니언스
A263920,KOSDAQ,에스엔피월드
A264450,KOSDAQ,유비쿼스
A264660,KOSDAQ,씨앤지하이테크
A265520,KOSDAQ,AP시스템
A265560,KOSDAQ,영화테크
A267790,KOSDAQ,배럴
A267980,KOSDAQ,매일유업
A268600,KOSDAQ,셀리버리
A269620,KOSDAQ,시스웍
A270870,KOSDAQ,뉴트리
A272290,KOSDAQ,이녹스첨단소재
A275630,KOSDAQ,에스에스알
A277070,KOSDAQ,린드먼아시아
A277410,KOSDAQ,인산가
A285490,KOSDAQ,노바텍
A288620,KOSDAQ,에스퓨얼셀
A289080,KOSDAQ,SV인베스트먼트
A290120,KOSDAQ,대유에이피
A290270,KOSDAQ,휴네시온
A290380,KOSDAQ,대유
A290550,KOSDAQ,디케이티
A290650,KOSDAQ,엘앤씨바이오
A290660,KOSDAQ,네오펙트
A290670,KOSDAQ,대보마그네틱
A290720,KOSDAQ,푸드나무
A290740,KOSDAQ,액트로
A293580,KOSDAQ,나우아이비캐피탈
A298380,KOSDAQ,에이비엘바이오
A299900,KOSDAQ,위지윅스튜디오
A299910,KOSDAQ,베스파
A302430,KOSDAQ,이노메트리
A900040,KOSDAQ,차이나그레이트
A900070,KOSDAQ,글로벌에스엠
A900080,KOSDAQ,에스앤씨엔진그룹
A900100,KOSDAQ,뉴프라이드
A900110,KOSDAQ,이스트아시아홀딩스
A900120,KOSDAQ,씨케이에이치
A900250,KOSDAQ,크리스탈신소재
A900260,KOSDAQ,로스웰
A900270,KOSDAQ,헝셩그룹
A900280,KOSDAQ,골든센츄리
A900290,KOSDAQ,GRT
A900300,KOSDAQ,오가닉티코스메틱
A900310,KOSDAQ,컬러레이
A900340,KOSDAQ,윙입푸드
A950110,KOSDAQ,SBI핀테크솔루션즈
A950130,KOSDAQ,엑세스바이오
A950140,KOSDAQ,잉글우드랩
A950160,KOSDAQ,Kolon TissueGene(Reg.S)
A950170,KOSDAQ,JTC
