삼천당제약,2.0
대아건설,
중앙에너비스,3.0
대한제지,
삼덕제지,
삼화실업,
전진산업,
신라섬유,3.0
안국약품,2.0
무림SP,3.0
이화공영,3.0
임광토건,
영일케미컬,
자유건설,
우주건설,
피에스텍,3.0
삼일기업공사,3.0
범양사,
미주제강,3.0
한탑,2.0
피죤,
신신제약,
삼능건설,
선광,2.0
대주산업,3.0
하림지주,
유진화학공업,
포스코켐텍,2.0
비락,
에이스침대,2.0
성담,
삼일공사,
울트라건설,3.0
동방전자,
삼호건설,
한국가구,3.0
창해에탄올,
삼우빅케치,
대륙제관,3.0
렉스엘이앤지,1.0
동국산업,2.0
동진쎄미켐,2.0
원진,
한국염공,
단암산업,
푸드웰,3.0
대원산업,3.0
한일사료,3.0
매일홀딩스,1.0
남송개발,
국영지앤엠,3.0
피제이전자,3.0
대전상호신용금고,
형진건설,
한국상호신용금고,
대양제지,3.0
동구바이오제약,
서부T&D,1.0
혜성테푸,
보성파워텍,3.0
모헨즈,3.0
캡스,
대동상호신용금고,
강남화성,
동양텔레콤,3.0
동화상호신용금고,
푸른저축은행,3.0
진양제약,2.0
네이처셀,3.0
영신금속,3.0
한국코인,
애큐온저축은행,2.0
대원,
대명코퍼레이션,1.0
HS홀딩스보통1신주,
한일화학,3.0
에스엠코어,
부산상호저축은행,
한국협화화학공업,
한국화이바,
대신석유,
신중앙금고,
삼협개발,
아이텍스필,
경북금고,
보람금고,
프라임저축은행,
원풍물산,3.0
동미전기,
대주코레스,3.0
원풍,3.0
동방금고,
성보섬유,
부스타,
대성전기,
남신,
아이인프라,
행남사,3.0
대동기어,3.0
한영전자,
삼천전기,
경북콘크리트,
에듀언스,3.0
그로웰전자,
삼아제약,3.0
포스코엠텍,3.0
경동,
삼보산업,3.0
코센,3.0
엠에스씨,3.0
삼한실업,
대한광통신,3.0
흥국,
쌍용정보통신,2.0
오리콤,3.0
나노트로닉스,3.0
정일이엔씨,
로보트보일러,
경동제약,1.0
형지I&C,3.0
유니크,3.0
국제밸브공업,
서한,3.0
서울가든,
세보엠이씨,3.0
주일,
동아일렉콤,
삼보이엔씨,
제일곡산,
라이카,
태평양금속,
삼산,
뉴인텍,3.0
한국체인공업,
신신상사,
우영,2.0
일신,
원일특강,3.0
쌍용건설,1.0
리드코프,2.0
신일제약,3.0
서연전자,3.0
하이록코리아,3.0
동원개발,2.0
장복건설,
대양상호신용금고,
아진산업,
삼경정밀,
AJS,3.0
동성하이켐,3.0
휴먼이노텍,
데코,2.0
이랜드리테일,
청보산업,3.0
세원(장외),
아큐텍,3.0
스페코,3.0
교하산업,
두원중공업,
아가방컴퍼니,2.0
석천,
보령메디앙스,3.0
원익큐브,3.0
광림,3.0
대진동관공업,
선일옵트론,
신림종합건설,
한국종합철관,
대동,
프로비타,3.0
부방,3.0
고려제약,3.0
티엘씨레저,3.0
성광벤드,2.0
녹십자의공,
오리엔탈정공,3.0
삼륭물산,3.0
비전하이테크,3.0
미주실업,
다산,
중앙바이오텍,2.0
삼송공업,
성원,3.0
엘앤씨피,3.0
큐닉스컴퓨터,
코콤,3.0
성우하이텍,1.0
유산실업,
대림금속공업,
디에스피,3.0
리더스코스메틱,1.0
웨스테이트,3.0
카카오M,2.0
유천건설,
이테크건설,3.0
신우산업기기,
큐캐피탈,3.0
우풍금고,
포비스티앤씨,3.0
현대사료,
대웅바이오,2.0
카스,3.0
LG마이크론,1.0
신원종합개발,3.0
제너비오믹스,3.0
스타맥스,3.0
풍연,
세븐코스프,3.0
코닉스,
코닉스보통1신주,
인터엠,3.0
한주개발,
삼현철강,3.0
세명전기,3.0
라인건설,
대림제지,3.0
데코앤이,3.0
주화산업,
한국알콜,3.0
유니슨,1.0
진로발효,2.0
텔슨정보통신,
보성건설,
지엠피,3.0
삼목에스폼,3.0
유진산업,
부산리스,
우진비앤지,
서울제약,3.0
바른손,3.0
동양기공,
에어로시스템,
금성제관,
동방티엔씨,
모라리소스,3.0
신호테크,
그랜드백화점,3.0
경윤하이드로,3.0
와이지-원,2.0
신한종합비료(신비),
엔케이바이오,3.0
넥서스투자,2.0
서울창투,
한국산업투자,
일지테크,3.0
SBI인베스트먼트,1.0
한국파트너스,2.0
제미니투자,3.0
엠벤처투자,3.0
희훈디앤지,3.0
글로본,3.0
신한모방,
서연탑메탈,
에너토크,3.0
에버리소스,3.0
태일전자,
대신정보통신,3.0
대동금속,3.0
아이씨켐,
세본금속,
시공테크,2.0
리타워테크놀러지스,
동마산업,
대호피앤씨,3.0
한림창투,3.0
에이티넘인베스트,3.0
케미그라스,
삼화정밀,
KCC건설,1.0
알루코,
대동은행,
한국큐빅,3.0
하이켐,
세화기술투자,
중앙리스,
메이슨캐피탈,3.0
경남리스금융,
KB캐피탈,2.0
삼경기전,
삼성투자신탁증권,
포스코 ICT,1.0
건영종합건설,
정산애강,
동호전기,
코오롱아이넷,3.0
한일,
금강정공,
옵셔널벤처스코리아,
평화은행,
동양매직,2.0
다다,
태광,1.0
유진기업,1.0
유진종합개발,2.0
아이이,3.0
제일제강,3.0
CNH,2.0
한서금고,
삼보판지,3.0
알이엔,3.0
익산,
한국캐피탈,1.0
플레이위드,2.0
플레이위드보통1신주,
신한캐피탈,
동일철강,3.0
삼협산업,
아트라스BX,3.0
풍국주정,3.0
대한약품,3.0
광일,
흥구석유,3.0
카리스소프트,
카리스소프트크보통1신주,
KB오토시스,3.0
하림홀딩스,1.0
한일단조,3.0
유성티엔에스,3.0
이화전기,3.0
이화전기보통1신주,
동부금고,
세원물산,3.0
갑을메탈,3.0
피에스엠씨,2.0
국제종합토건,
케이피에프,2.0
경창산업,2.0
동신특강,
국정교과서,
PN풍년,3.0
삼천리자전거,3.0
외환리스금융,
대구리스,
삼주건설,
중앙금고,
부산방직,3.0
시노펙스,3.0
그린기술투자,3.0
대성엘텍,3.0
한마음상호저축은행,
팬텀엔터그룹,1.0
한국선재,3.0
동방라이텍,
한국정보통신,2.0
신라에스지,3.0
케이씨피드,3.0
동화기업,2.0
이스턴마스텍,
우경,3.0
우경보통1신주,
부영철강,
동신건설,3.0
고려,
알덱스,3.0
아난티,2.0
제이에스티나,3.0
특수건설,3.0
현대정보기술,1.0
에스티씨라이프,3.0
IDH,3.0
동남리스금융,
삼우이엠씨,2.0
위너지스,3.0
제일창투,3.0
신원금속,
광진실업,3.0
영성제강,
한양철강,
한일제관,
대백저축은행,
서울전자통신,2.0
코리아나,2.0
텔슨전자,
아주IB투자,
코리아이앤디,
한보금고,
케이디엠,
상보,
대륭산업,
대백쇼핑,
팜스토리,2.0
대성창투,3.0
스탠더드텔레콤,
미래SCI,3.0
휴맥스홀딩스,1.0
네오퍼플,3.0
GS홈쇼핑,1.0
에이치엘비,3.0
한국대아진공,
바른테크놀로지,3.0
코엔텍,2.0
중앙디자인,3.0
NICE평가정보,2.0
에스마크,3.0
드래곤플라이,3.0
쏠라엔텍,3.0
디패션,3.0
한글과컴퓨터,1.0
원익홀딩스,2.0
한국통신엠닷컴,
보진재,
양지사,3.0
주은리스,
화니백화점,
국민신용카드,
아이즈비전,3.0
에스에이엠티,2.0
녹십자셀,2.0
오스템,3.0
ST&I,3.0
엔에스엔,2.0
신민저축은행,3.0
에듀패스,3.0
동산진흥,3.0
엠바이엔,
피에스케이,2.0
대선조선,3.0
일공공일안경,3.0
C&S자산관리,3.0
후야인포넷,
아즈텍WB,2.0
으뜸상호저축은행,
이수세라믹,
다우데이타,3.0
삼일,3.0
알티전자,2.0
핸디소프트,2.0
KTF,1.0
터보테크,
케이엠더블유,3.0
TJ미디어,2.0
카라반케이디이,3.0
피델릭스,3.0
엔토리노,3.0
한국디지탈라인,
에스오케이,
유비케어,3.0
소프트센,3.0
삼진,3.0
테라,
엠젠플러스,3.0
판타지오,3.0
우리기술,2.0
비트컴퓨터,3.0
GMR 머티리얼즈,3.0
에이스앤파트너스,2.0
원익,3.0
동일기연,3.0
카인드웨어서울,
바이온,3.0
세아메탈,
지오엠씨,1.0
세림아이텍,
제이엠아이,2.0
삼한콘트롤스,
제룡전기,3.0
이디,3.0
디지틀조선,2.0
엠케이전자,2.0
시그네틱스,
폴켐,3.0
모아텍,2.0
삼화기연,
남성알미늄,
인성정보,3.0
쌈지,3.0
어울림엘시스,3.0
코웰패션,3.0
보성인터내셔날,
디케이디앤아이,3.0
제이씨현시스템,3.0
두림티앤씨,3.0
좋은사람들,3.0
대진정밀화학,
디에스티,3.0
동성화인텍,1.0
어필텔레콤,
파라텍,2.0
룩손에너지,3.0
블루콤,
에이코넬,3.0
SK브로드밴드,1.0
네패스,1.0
블루스톤,3.0
스카이문스테크놀로지,2.0
티비씨,
지노시스템,3.0
블루멈,3.0
트라이써클,3.0
파라다이스,1.0
무한투자,3.0
글로웍스,3.0
제넥셀,1.0
디씨씨,3.0
해성산업,3.0
조아제약,1.0
한국기업평가,2.0
올에버,
이론테크놀로지,
소예,3.0
인터파크홀딩스,1.0
프럼파스트,3.0
티브로드도봉강북방송,2.0
청람디지탈,3.0
더블유에프엠,3.0
브이에스에스티,3.0
드림라인,
지아이바이오,3.0
기산텔레콤,2.0
마제스타,3.0
써니트렌드,3.0
KG이니시스,2.0
솔본,2.0
바른손이앤에이,2.0
CL,3.0
CJ ENM,1.0
그로웰텔레콤,
이지바이오,2.0
메카포럼,3.0
호성,
서희건설,2.0
JYP Ent.,3.0
현대멀티캡,
케이알,3.0
바이오시스,
예림당,3.0
아비코전자,3.0
한아시스템,
KTH,1.0
위지트,3.0
SCI평가정보,3.0
씨티젠,3.0
영인프런티어,3.0
금화피에스시,3.0
유니셈,3.0
태산엘시디,2.0
오상헬스케어,
이매진아시아,3.0
헤쎄나,3.0
뉴켐진스템셀,2.0
3SOFT,1.0
제이콘텐트리,3.0
대성미생물,3.0
SK머티리얼즈,1.0
에스에스컴텍,3.0
SFA반도체,1.0
에이스디지텍,1.0
영풍정밀,3.0
케이엔티,
지니웍스,
지디코프,3.0
버추얼텍,3.0
세종텔레콤,2.0
HRS,3.0
플러스프로핏,3.0
KCI,3.0
코맥스,3.0
심텍홀딩스,1.0
한빛네트,
KNS홀딩스,3.0
자강,3.0
나이스정보통신,3.0
에프에스티,3.0
비이티,
솔브레인,1.0
휴코드,2.0
나리지*온,3.0
맥시스템,
진성티이씨,2.0
택산아이엔씨,
세원텔레콤,
지앤에스티,3.0
주성엔지니어링,1.0
넷컴스토리지,
한와이어리스,2.0
파워넷,
시큐어소프트,2.0
파세코,3.0
JS,3.0
한신코퍼레이션,
CJ인터넷,1.0
다산씨앤드아이,
넥스텔,
한국팩키지,3.0
평안물산,3.0
대흥멀티미디어통신,
시스컴,
시노펙스그린테크,2.0
인지디스플레,2.0
씨엘인터내셔널,3.0
성도이엔지,3.0
EG,3.0
에이원마이크로,3.0
우리조명,2.0
코리아링크,
희림,3.0
삼지전자,2.0
네스테크,3.0
클라스타,3.0
씨모스,
에스비엠,3.0
지에스엔텍,
성진산업,
토자이홀딩스,3.0
쓰리알,
디지텔,
엔써커뮤니티,
쎄니트,3.0
글로포스트,3.0
엘컴텍,2.0
제일테크노스,3.0
트래픽아이티에스,
루멘스,
서린바이오,3.0
아이엠아이티,
에코플라스틱,2.0
AD모터스,3.0
팍스넷,
마크로젠,2.0
어울림정보,3.0
UCI,3.0
레드캡투어,3.0
트라이콤,
씨엔씨엔터,3.0
바이오스마트,3.0
삼표시멘트,3.0
오리엔트전자,
골드퍼시픽,3.0
상상인,3.0
위즈코프,3.0
에스넷,3.0
에이스일렉,3.0
콜마파마,3.0
유일엔시스,3.0
포이보스,2.0
케이엠에스,2.0
에코바이오,3.0
아이에이,1.0
지이엔에프,3.0
파인디지털,2.0
현주컴퓨터,
이지클럽,
넥스콘테크,3.0
써미트테크놀로지,
현대통신,3.0
이건홀딩스,3.0
이오테크닉스,2.0
유니텍전자,3.0
아이비진,3.0
에스피컴텍,3.0
오스코텍,
에이아이비트,1.0
경남스틸,3.0
인포뱅크,
세중,3.0
한국경제TV,2.0
헤파호프,3.0
윌텍정보통신,
케이엘넷,3.0
에스티아이,3.0
마인에스에이,
씨앤케이인터,3.0
다산네트웍스,1.0
피코소프트,
화성밸브,3.0
스포츠서울,3.0
한국정보공학,3.0
위노바,3.0
오로라,3.0
디오,3.0
태창파로스,3.0
나노엔텍,2.0
피케이엘,
리노스,3.0
코아정보,2.0
사라콤,3.0
엔플렉스,
누리텔레콤,3.0
대양글로벌,3.0
YTN,1.0
큐로컴,1.0
정상제이엘에스,3.0
SG&G,3.0
와이즈파워,2.0
아인스M&M,2.0
벨로체피아노,
유니씨앤티,
아이씨디,
인프라웨어,1.0
이루넷,3.0
아라온테크,3.0
넥슨지티,3.0
우리기술투자,2.0
모빌링크,2.0
보홍,3.0
에버다임,3.0
인네트,3.0
한국전자인증,
대한바이오링크,3.0
에스엠,2.0
이라이콤,3.0
쎄라텍,3.0
에너전트,3.0
인젠,3.0
코디콤,3.0
인바디,3.0
에스텍파마,3.0
메디아나,
동아화성,3.0
한텔,3.0
코미팜,1.0
카페24,
케이피엠테크,3.0
에스씨디,3.0
대국,3.0
비츠로테크,3.0
네오위즈홀딩스,1.0
심스밸리,
링네트,3.0
라온시큐어,3.0
한스바이오메드,
퓨쳐비젼,3.0
새로닉스,3.0
어울림 네트,3.0
에코페트로시스템,3.0
상지카일룸,3.0
창민테크,
팜스웰바이오,3.0
솔고바이오,2.0
바텍,
파루,3.0
에이치엘비파워,3.0
성호전자,3.0
케이맥,
에쎈테크,3.0
디지아이,2.0
평화정공,2.0
에임하이,3.0
크로바하이텍,3.0
지니뮤직,2.0
지앤알,3.0
국순당,1.0
스톰이앤에프,3.0
테크메이트,
서울리거,2.0
옥션,
한빛방송,1.0
자연과환경,3.0
조광ILI,3.0
한서제약,3.0
KD건설,3.0
위닉스,3.0
조이토토,2.0
솔빛미디어,
바이오제네틱스,3.0
태웅,1.0
한빛전자통신,
동부CNI,2.0
에이엠에스,3.0
에이치케이,3.0
이글벳,3.0
큐리어스,3.0
오공,3.0
한양이엔지,3.0
뉴씨앤씨,
디에이치패션,3.0
포네이처,3.0
성우테크론,3.0
이레전자산업,3.0
토탈소프트,3.0
더존디지털,2.0
대아티아이,3.0
이롬텍,3.0
에이프로테크놀로지,3.0
정원엔시스,3.0
크린앤사이언스,3.0
에이텍,3.0
한통데이타,3.0
유티엑스,3.0
GV,3.0
화림모드,
코아시아홀딩스,1.0
모디아,
코다코,3.0
한일네트웍스,3.0
오르비텍,
SBS콘텐츠허브,1.0
파나진,2.0
에스브이에이치,3.0
백금T&A,3.0
MTRON,3.0
에듀아크,3.0
삼화네트웍스,3.0
루트원플러스,3.0
알에스넷,3.0
KG모빌리언스,2.0
엔하이테크,3.0
코리언일랙트로닉스파워소스,
자유투어,3.0
서울반도체,1.0
타임아이엔씨,
우원개발,3.0
우리로,
덴소풍성,
한빛소프트,1.0
파워로직스,1.0
에프아이투어,3.0
레이더스컴퍼니,3.0
레이젠,3.0
이앤텍,3.0
이스트소프트,
세계투어,3.0
월드텔레콤,
액티투오,3.0
텔라움,3.0
코데즈컴바인,3.0
초록뱀,3.0
씨트리,
비엔디,2.0
에스피코프,3.0
태광이엔시,3.0
모닷텔,
오스템임플란트,
포넷,3.0
현대바이오,1.0
유라테크,3.0
엑큐리스,3.0
대동스틸,3.0
테스텍,3.0
인트론바이오,
하이콤정보통신,
SM C&C,3.0
엠엔에프씨,3.0
VK,2.0
TPC,3.0
엔피케이,3.0
시너지이노베이션,1.0
대원미디어,3.0
예당,1.0
인탑스,1.0
기가레인,
파인디앤씨,2.0
하우리,
셀루메드,3.0
CJ엔터테인,1.0
코메론,3.0
SGA,3.0
오픈베이스,3.0
유아이엘,1.0
잉크테크,2.0
재영솔루텍,2.0
포휴먼,1.0
고려신용정보,3.0
소프트윈,
승일,3.0
미래컴퍼니,2.0
쎌바이오텍,3.0
유아이에너지,3.0
휘닉스소재,2.0
캠시스,3.0
라이브플렉스,2.0
에이앤티앤,3.0
CT&T,3.0
한국코퍼레이션,3.0
세라온,3.0
이룸지엔지,3.0
에스폴리텍,2.0
아세아텍,
쏠리드,1.0
수산아이앤티,
지어소프트,2.0
썬코어,3.0
토비스,3.0
인터플렉스,1.0
피씨디렉트,3.0
YW,2.0
나라엠앤디,3.0
CJ프레시웨이,2.0
굿이엠지,3.0
디에스,1.0
큐로홀딩스,3.0
모보,3.0
아이피에스,1.0
중앙리빙테크,2.0
에스티큐브,3.0
이에스에이,3.0
엠씨티티코어,3.0
iMBC,1.0
SK바이오랜드,2.0
우전,3.0
트레이스,3.0
W홀딩컴퍼니,3.0
H1바이오,3.0
코텍,2.0
코아에스앤아이,2.0
코나아이,3.0
오성첨단소재,3.0
아이크래프트,3.0
에코솔루션,3.0
삼성수산,3.0
한네트,3.0
제네시스,3.0
이디디컴퍼니,3.0
제일바이오,3.0
아모텍,2.0
와이디온라인,2.0
액토즈소프트,2.0
아시아미디어홀딩스,3.0
아이앤씨,
큐앤에스,2.0
KMH하이텍,2.0
올리브나인,3.0
바이넥스,2.0
블루젬디앤씨,3.0
지에스이,3.0
세동,3.0
트리니티,3.0
소리바다,3.0
프리엠스,3.0
코스모스피엘씨,3.0
디이시스,
엔에스아이,
금강철강,3.0
구영테크,3.0
예스24,
NE능률,3.0
한국정보인증,
테라리소스,3.0
영진코퍼레이션,3.0
이니텍,2.0
성우몰드,3.0
세코닉스,3.0
오페스,3.0
한국테크놀로지,2.0
프로텍,3.0
태양,3.0
현진소재,2.0
삼보모터스,3.0
국제엘렉트릭,2.0
안랩,1.0
아이팩토리,2.0
GT&T,3.0
미디어코프,2.0
경남제약,3.0
어플라이드엔지니어링,
오상자이엘,3.0
선팩테크,3.0
GK파워,3.0
한국컴퓨터,2.0
농우바이오,2.0
우주통신,
삼진엘앤디,2.0
더체인지,3.0
뉴젠아이씨티,3.0
엔빅스,3.0
중앙오션,3.0
이랜텍,2.0
비츠로시스,3.0
예일바이오텍,3.0
팬스타엔터프라이즈,3.0
피앤텔,1.0
업필,
케이피티유,3.0
엠텍반도체,3.0
텔레칩스,1.0
신한에스아이티,
삼영엠텍,3.0
APS홀딩스,2.0
에이디칩스,2.0
뉴젠비아이티,2.0
대한뉴팜,3.0
키이스트,3.0
제이엠피,3.0
아이디스홀딩스,1.0
한컴시큐어,3.0
유신,3.0
엑사이엔씨,2.0
제이브이엠,
동서정보기술,
다휘,2.0
케이티씨텔레콤,
에너윈,3.0
신스타임즈,3.0
아이스테이션,2.0
쿨투,3.0
세니콘,3.0
유진로봇,2.0
유앤아이,
리더컴,
에스에프에이,1.0
엠넷미디어,3.0
CU전자,3.0
코위버,3.0
슈마일렉트론,
신화인터텍,2.0
미리넷,3.0
포스링크,3.0
위다스,2.0
코어비트,3.0
와이비엠넷,1.0
하이스마텍,3.0
아이티센,
플래닛82,1.0
SKC 솔믹스,3.0
옴니시스템,
옴니텔,3.0
토필드,2.0
멕아이씨에스,
아리온,3.0
비엔씨컴퍼니,3.0
KNN,
제이웨이,3.0
일야,3.0
리노공업,2.0
해원에스티,3.0
슈펙스비앤피,3.0
네오리소스,3.0
에스피지,3.0
엠게임,
오브제,2.0
퓨쳐인포넷,3.0
CMG제약,3.0
투미비티,3.0
미코,1.0
아이컴포넌트,
아진엑스텍,
메타바이오메드,
야호,3.0
인선이엔티,1.0
이그잭스,2.0
룽투코리아,2.0
NHN한국사이버결제,3.0
뉴보텍,2.0
큐렉소,2.0
레드로버,3.0
3S,3.0
KT서브마린,3.0
동양에스텍,3.0
베스트플로우,3.0
국일신동,
에스에이티,
우수씨엔에스,3.0
홈센타홀딩스,3.0
아이리버,1.0
씨티씨바이오,2.0
한도하이테크,3.0
유퍼트,3.0
KH바텍,1.0
제이콤,3.0
태영텔스타,
퍼시픽바이오,3.0
프리젠,3.0
알에프텍,3.0
지앤디윈텍,3.0
엘앤피아너스,3.0
화일약품,2.0
한진피앤씨,2.0
엘비세미콘,
케너텍,2.0
티엘아이,
게임빌,
서울옥션,
사이버패스,
SM Life Design,3.0
한국전자금융,
이엘피,
사이노젠,3.0
에프앤리퍼블릭,3.0
홈캐스트,2.0
다날,1.0
인텍플러스,
브리지텍,
에코마이스터,
바른전자,3.0
바이오니아,2.0
모델라인,3.0
티씨케이,3.0
필링크,3.0
케이프,
지엔코,3.0
탑엔지니어링,2.0
MP그룹,
에프티이앤이,3.0
넥스트BT,2.0
해피드림,3.0
플렉스컴,3.0
미니멈컬렉션,3.0
쓰리디월드,3.0
신성델타테크,2.0
지엔텍홀딩스,1.0
에스아이리소스,3.0
이루온,3.0
빅텍,2.0
오리엔트정공,3.0
휴비츠,3.0
전파기지국,2.0
녹원씨엔아이,3.0
삼영이엔씨,3.0
폴리플러스,2.0
제낙스,3.0
메디프론,2.0
안트로젠,
우주일렉트로,2.0
대진디엠피,3.0
서호전기,3.0
CS,2.0
UC아이콜스,3.0
PW제네틱스,3.0
바이오빌,3.0
웰크론,3.0
휴먼텍코리아,3.0
한프,2.0
하츠,3.0
이노블루,3.0
SK컴즈,1.0
샤인시스템,3.0
큐에스아이,
시큐리티KOR,3.0
케이에스알,3.0
티에스엠텍,2.0
체리부로,
버킷스튜디오,3.0
와이오엠,3.0
휘튼,3.0
우수AMS,3.0
국보디자인,3.0
디스플레이텍,2.0
보광티에스,
테라젠이텍스,3.0
씨씨에스,3.0
아이드림,3.0
디에이피,3.0
손오공,1.0
에스디,2.0
엘앤에프,2.0
브레인콘텐츠,3.0
조이시티,
이씨에스,
대화제약,2.0
클루넷,3.0
아프리카TV,3.0
오텍,3.0
멀티캠퍼스,
JW신약,1.0
하나마이크론,2.0
아스트,
엔브이에이치코리아,
에이치엘비생명과학,
로지시스,
세진티에스,3.0
바이나믹,3.0
와이엔텍,3.0
이글루시큐리티,
티이씨,3.0
도이치모터스,3.0
팬엔터테인먼트,
KCW,3.0
케이엔씨글로벌,3.0
다원시스,
일신바이오,
엔터미디어,1.0
에피밸리,3.0
셀트리온제약,3.0
선우중공업,3.0
DMS,1.0
디지털대성,3.0
아이씨케이,
웹젠,1.0
코스온,3.0
누리플랜,
유아이디,3.0
엔텔스,
에스텍,3.0
라이트론,3.0
아이에스이커머스,
삼보오토,3.0
한솔시큐어,
신비앤텍,
한솔인티큐브,3.0
인피니트헬스케어,
로체시스템즈,3.0
나노하이텍,2.0
대유위니아,
유에이블,3.0
SSCP,1.0
에이테크솔루션,
캐스텍코리아,
에이스하이텍,3.0
중앙백신,2.0
아이레보,3.0
우리산업홀딩스,3.0
케이디 네이쳐 엔 바이오,3.0
나이스메탈,2.0
네오디안테크놀로지,
메가스터디,1.0
빛샘전자,
에이치시티,
케이에스피,3.0
에스모,3.0
엘엠에스,
인스프리트,3.0
듀오백,3.0
이노와이어리스,2.0
에프알텍,
우리손에프앤지,
피엠지파마,2.0
삼원테크,1.0
씨디네트웍스,1.0
케이디세코,3.0
제너시스템즈,
엠텍비젼에셋,1.0
디아이디,2.0
엑스로드,
엠제이비,2.0
아미노로직스,3.0
원익QnC,3.0
플랜티넷,1.0
동국알앤에스,3.0
웰크론한텍,
테이크시스템,3.0
해성옵틱스,
한컴지엠디,3.0
덕산하이메탈,2.0
케이이엔지,3.0
이베스트투자증권,
유비쿼스홀딩스,
국일제지,3.0
대봉엘에스,3.0
HB테크놀러지,3.0
메디포스트,1.0
컴투스,
한양디지텍,3.0
두올산업,3.0
대주전자재료,3.0
도움,3.0
코렌,
아구스,
신지소프트,3.0
아이디에스,2.0
아이오케이,
가온미디어,2.0
일경산업개발,3.0
와토스코리아,3.0
한창산업,3.0
EMW,1.0
하이럭스,3.0
제우스,2.0
모젬,1.0
서산,3.0
디이엔티,3.0
산양전기,2.0
가비아,3.0
인베니아,2.0
동양이엔피,2.0
투비소프트,
에스엔유,1.0
이상네트웍스,2.0
디보스,3.0
모두투어,2.0
제주반도체,2.0
모다이노칩,2.0
에스제이케이,2.0
성창오토텍,
오디텍,
코디,
IC코퍼레이션,2.0
오킨스전자,
한국유니온제약,
씨모텍,
티플랙스,
세미텍,
엑스씨이,
성우전자,
넥스지,
옵트론텍,2.0
젬백스,3.0
피엘에이,2.0
삼우엠스,2.0
루미마이크로,2.0
우리이티아이,1.0
비츠로셀,
실리콘화일,
엘오티베큠,3.0
GST,3.0
KJ프리텍,
에프엔에스테크,
케이엠,3.0
인콘,3.0
비에이치아이,2.0
CSA 코스믹,
크리스탈,2.0
아바코,3.0
휴온스글로벌,
수성,3.0
유진테크,3.0
세실,
랩지노믹스,
팅크웨어,
아이알디,
바이로메드,1.0
루트로닉,
차바이오텍,2.0
뉴프렉스,3.0
모빌탑,3.0
알티캐스트,
네오티스,
단성일렉트론,
바이오톡스텍,
진바이오텍,
제이앤유글로벌,
화신테크,
유니테스트,
동국제약,
에코프로,
비엠티,
바이오솔루션,
신양오라컴,
이수앱지스,
메디톡스,
한컴MDS,
쇼박스,
펩트론,
스틸플라워,
모바일어플라이언스,
픽셀플러스,
네패스신소재,
네이쳐글로벌,
동아엘텍,
이원컴포텍,
이녹스,
마이스코,
에이스테크,
맥스브로,
동우팜투테이블,
씨티엘테크,
켐트로닉스,
테크윙,
넥스턴,
케이씨티,
THE E&M,
네오세미테크,
평산,
에이티세미콘,
나스미디어,
제이티,
유비벨록스,
코세스,
에이피티씨,
상아프론테크,
디앤샵,
잘만테크,
광진윈텍,
로보스타,
덕신하우징,
비에이치,
제이스텍,
디에스티로봇,
SIMPAC Metal,
연이정보통신,
이지웰페어,
이엠텍,
S&K폴리텍,
텔레필드,
상신이디피,
남화토건,
디지텍시스템,
파트론,
나노캠텍,
셀트리온헬스케어,
아미코젠,
디엔에프,
이크레더블,
현우산업,
한라IMS,
넥스트칩,
네오팜,
엑시콘,
빅솔론,
케이아이엔엑스,
풍강,
매커스,
다믈멀티미디어,
서원인텍,
동운아나텍,
이엘케이,
칩스앤미디어,
갤럭시아컴즈,
미성포리테크,
일진파워,
슈프리마에이치큐,
참좋은여행,
코닉글로리,
푸른기술,
제이엠티,
이엠코리아,
웨이브일렉트로,
엔에스브이,
ISC,
미래나노텍,
테스,
네오위즈,
제넥신,
에스에너지,
이트론,
청담러닝,
대창솔루션,
씨젠,
알에프세미,
에스코넥,
멜파스,
제이스테판,
엘디티,
엠씨넥스,
에스맥,
윈팩,
효성오앤비,
마이크로컨텍솔,
엔스퍼트,
고영,
에스티오,
아이센스,
SDN,
쎄트렉아이,
동방선기,
스맥,
ITX엠투엠,
신텍,
씨그널엔터테인먼트그룹,
모바일리더,
삼강엠앤티,
뷰웍스,
동국S&C,
머큐리,
서암기계공업,
세운메디칼,
디엠씨,
월덱스,
우림기계,
씨큐브,
모베이스,
아이엠,
엔시트론,
에스앤에스텍,
코리아에스이,
한국정밀기계,
조이맥스,
인화정공,
우양에이치씨,
어보브반도체,
해덕파워웨이,
이엔에프테크놀로지,
코오롱생명과학,
에스앤더블류,
대성파인텍,
NHN벅스,
동양피엔에프,
티케이케미칼,
코렌텍,
원익머트리얼즈,
금강제강,
케이엔더블유,
트루윈,
디케이락,
지투하이소닉,
하이텍팜,
파인테크닉스,
디지탈옵틱,
톱텍,
실리콘웍스,
대양전기공업,
로보티즈,
인터파크,
셀바스AI,
옵티시스,
에스와이패널,
디에스케이,
진매트릭스,
동일금속,
에이프로젠 H&G,
전진바이오팜,
모린스,
유니드코리아,
크리스에프앤씨,
디아이티,
승화프리텍,
남화산업,
지와이커머스,
삼본정밀전자,
위메이드,
에스에프씨,
디젠스,
크루셜텍,
웰크론강원,
KPX생명과학,
지스마트글로벌,
우노앤컴퍼니,
아이원스,
휴맥스,
큐리언트,
인포바인,
우리넷,
지트리비앤티,
씨유메디칼,
케이씨에스,
씨엔플러스,
스타플렉스,
이미지스,
연우,
알파홀딩스,
티로보틱스,
모트렉스,
포메탈,
인터로조,
아이텍반도체,
지엔씨에너지,
다나와,
대정화금,
골프존뉴딘홀딩스,
나노신소재,
비덴트,
코이즈,
에스디시스템,
제노레이,
삼기오토모티브,
KMH,
예스티,
서진오토모티브,
썬텍,
와이지엔터테인먼트,
와이솔,
옵토팩,
엠에스오토텍,
원익테라세미콘,
STC,
제닉,
코리아에프티,
선데이토즈,
이엠넷,
알톤스포츠,
한일진공,
아나패스,
아이티센.1,
코프라,
화신정공,
하이비젼시스템,
뉴로스,
제이엔케이히터,
디엔에이링크,
매직마이크로,
아시아경제,
에코캡,
피제이메탈,
GH신소재,
나이스디앤비,
티피씨글로벌,
CJ E&M,
디에이치피코리아,
시큐브,
리켐,
딜리,
대한과학,
티에스이,
알서포트,
피앤이솔루션,
액트,
파인텍,
테스나,
메가엠디,
이퓨쳐,
디엠티,
화진,
하림,
쎄미시스코,
윈스,
피엔티,
넥스트아이,
제이씨케미칼,
신진에스엠,
오이솔루션,
에이씨티,
비즈니스온,
나이벡,
엘아이에스,
데일리블록체인,
넥스트리밍,
서플러스글로벌,
메지온,
대창스틸,
알에스오토메이션,
파크시스템스,
비아트론,
포티스,
맥스로텍,
레고켐바이오,
유니트론텍,
녹십자엠에스,
바이오리더스,
아이디스,
사람인에이치알,
영우디에스피,
녹십자랩셀,
뉴파워프라즈마,
휴젤,
마이크로프랜드,
제룡산업,
비디아이,
알엔투테크놀로지,
모다,
아바텍,
하이로닉,
인트로메딕,
파수닷컴,
KG ETS,
나노스,
네이블,
우리이앤엘,
옵티팜,
아시아종묘,
솔루에타,
와이엠씨,
지디,
엘앤케이바이오,
인터불스,
삼목강업,
제로투세븐,
스킨앤스킨,
NEW,
에스엔텍,
싸이맥스,
THE MIDONG,
필옵틱스,
하나머티리얼즈,
코아스템,
내츄럴엔도텍,
현대공업,
파이오링크,
엘티씨,
램테크놀러지,
선익시스템,
라이온켐텍,
오파스넷,
에프엔씨엔터,
장원테크,
앱클론,
인포마크,
아이큐어,
에이치엔티,
베셀,
파버나인,
서진시스템,
유테크,
SKC코오롱PI,
엠아이텍,
유티아이,
캔서롭,
이즈미디어,
큐브엔터,
에이티젠,
테라셈,
코미코,
엔지켐생명과학,
SGA솔루션즈,
아이진,
디티앤씨,
신화콘텍,
제노포커스,
나노,
디바이스이엔지,
인텔리안테크,
포시에스,
서전기전,
흥국에프엔비,
나무가,
육일씨엔에쓰,
테고사이언스,
더블유게임즈,
케이사인,
윈하이텍,
감마누,
슈피겐코리아,
와이제이엠게임즈,
데브시스터즈,
파티게임즈,
우성아이비,
노바렉스,
퓨전데이타,
유지인트,
알테오젠,
애니젠,
텔루스,
디에이테크놀로지,
웹스,
디지캡,
리드,
고려시멘트,
콜마비앤에이치,
텔콘RF제약,
하이셈,
휴메딕스,
에이디테크놀로지,
비씨월드제약,
미투온,
유니온커뮤니티,
드림시큐리티,
프로스테믹스,
엠코르셋,
글로벌텍스프리,
화이브라더스코리아,
지엘팜텍,
현성바이탈,
엑셈,
휴마시스,
액션스퀘어,
엔터메이트,
덱스터,
바디텍메드,
유바이오로직스,
미스터블루,
정다운,
파멥신,
지란지교시큐리티,
셀바스헬스케어,
썸에이지,
바이오로그디바이스,
엔지스테크널러지,
AP위성,
네오오토,
미래테크놀로지,
덕산네오룩스,
클래시스,
민앤지,
퓨쳐스트림네트웍스,
세미콘라이트,
케어젠,
아이쓰리시스템,
파마리서치프로덕트,
디알텍,
에치디프로,
골프존,
한컴유니맥스,
로보로보,
메가스터디교육,
우리산업,
우정바이오,
토박스코리아,
신라젠,
이노인스트루먼트,
인크로스,
제너셈,
넵튠,
싸이토젠,
에스디생명공학,
러셀,
켐온,
디딤,
강스템바이오텍,
엔에스,
미래생명자원,
RFHIC,
타이거일렉,
링크제니시스,
MP한강,
지티지웰니스,
퓨쳐켐,
핸디소프트.1,
켐트로스,
해마로푸드서비스,
한솔씨앤피,
하이즈항공,
케이디켐,
뉴트리바이오텍,
씨아이에스,
팬젠,
쎄노텍,
심텍,
한류에이아이센터,
한국맥널티,
이에스브이,
코디엠,
에이텍티앤,
삼양옵틱스,
씨엠에스에듀,
케이엠제약,
보광산업,
넷게임즈,
패션플랫폼,
쿠첸,
본느,
아이엠텍,
이엑스티,
오스테오닉,
한송네오텍,
올릭스,
디자인,
아우딘퓨쳐스,
마이크로텍,
동양파일,
레이언스,
에치에프알,
에코마케팅,
솔트웍스,
와이아이케이,
세원,
에스트래픽,
자이글,
슈프리마,
에스티팜,
피앤씨테크,
클리오,
앤디포스,
로고스바이오,
비피도,
힘스,
에이치엘사이언스,
원익IPS,
DSC인베스트먼트,
유니테크노,
코스메카코리아,
메카로,
오션브릿지,
피씨엘,
나무기술,
휴온스,
신흥에스이씨,
EDGC,
티에스인베스트먼트,
티앤알바이오팹,
아스타,
보라티알,
모비스,
와이엠티,
브이원텍,
세화피앤씨,
스튜디오드래곤,
SG,
야스,
케이피에스,
명성티엔에스,
이더블유케이,
세종메디칼,
엠플러스,
알리코제약,
씨티케이코스메틱스,
디케이앤디,
유틸렉스,
샘코,
덕우전자,
디알젬,
케어랩스,
디앤씨미디어,
펄어비스,
유에스티,
데이타솔루션,
상신전자,
지니언스,
에스엔피월드,
유비쿼스,
씨앤지하이테크,
AP시스템,
영화테크,
배럴,
매일유업,
셀리버리,
시스웍,
뉴트리,
이녹스첨단소재,
에스에스알,
린드먼아시아,
인산가,
노바텍,
에스퓨얼셀,
SV인베스트먼트,
대유에이피,
휴네시온,
대유,
디케이티,
엘앤씨바이오,
네오펙트,
대보마그네틱,
푸드나무,
액트로,
나우아이비캐피탈,
에이비엘바이오,
위지윅스튜디오,
베스파,
이노메트리,
3노드디지탈,
코웰이홀딩스,
차이나그레이트,
중국식품포장,
글로벌에스엠,
에스앤씨엔진그룹,
차이나하오란,
뉴프라이드,
이스트아시아홀딩스,
씨케이에이치,
웨이포트,
성융광전투자유한공사,
완리,
크리스탈신소재,
로스웰,
헝셩그룹,
골든센츄리,
GRT,
오가닉티코스메틱,
컬러레이,
윙입푸드,
네프로아이티,
SBI핀테크솔루션즈,
엑세스바이오,
잉글우드랩,
코오롱티슈진,
JTC,
